period,n,tqs_mean,tqs_median,tqs_std,tqs_min,tqs_max,predicted_likert_mean,predicted_likert_std
after,1200,0.5545315615617608,0.518849457084056,0.1239890554949807,0.24463705555437198,0.8394373258244439,3.218126246247043,0.4959562219799228
before,1200,0.5378974501799231,0.5168980592626338,0.08582162020802223,0.2442716689489639,0.8025854585827914,3.1515898007196923,0.3432864808320889
