shot_type,n,tqs_mean,tqs_median,tqs_std,tqs_min,tqs_max,predicted_likert_mean,predicted_likert_std
zero_shot,1200,0.5552584152999557,0.5320996705991821,0.11123741825174825,0.2442716689489639,0.818653355791418,3.2210336611998227,0.444949673006993
few_shot,1200,0.5371705964417282,0.5112893800019856,0.1016838942239585,0.24463705555437198,0.8394373258244439,3.1486823857669126,0.406735576895834
