persona,n,tqs_mean,tqs_median,tqs_std,tqs_min,tqs_max,predicted_likert_mean,predicted_likert_std
persona_1,1200,0.5547946669919634,0.5322242745696462,0.10961624924564416,0.2442716689489639,0.8394373258244439,3.219178667967854,0.4384649969825766
persona_2,1200,0.5376343447497204,0.5090764066990496,0.10350852797825306,0.2449536376103456,0.818653355791418,3.1505373789988815,0.41403411191301226
